{
  "stress_test": {
    "total_queries": 60,
    "successful_queries": 60,
    "failed_queries": 0,
    "avg_latency_ms": 29201.283333333333,
    "median_latency_ms": 29502.0,
    "p95_latency_ms": 39518,
    "p99_latency_ms": 46327,
    "min_latency_ms": 18828,
    "max_latency_ms": 46327,
    "total_time_s": 1758.4696199893951,
    "queries_per_second": 0.03412057809697153,
    "avg_memory_mb": -0.9942708333333333,
    "peak_memory_mb": 1.140625,
    "avg_cpu_percent": 0.09833333333333334
  },
  "concurrency_test": {
    "total_queries": 10,
    "successful": 10,
    "failed": 0,
    "total_time_s": 124.14644002914429,
    "avg_latency_ms": 33982.3,
    "throughput_qps": 0.0805500342792949,
    "speedup_vs_sequential": 2.7372754298892827
  },
  "latency_breakdown": {
    "query": "What are the signs of diabetes?",
    "total_latency_ms": 34918,
    "agent_times_ms": [
      3732,
      7165,
      13946,
      10508,
      10508,
      13946,
      7165
    ],
    "avg_agent_time_ms": 9567.142857142857,
    "num_agents": 7,
    "overhead_ms": -32052
  },
  "timestamp": "20251127_190232"
}